"Model","RMSE"
"OLS Full",1.79573474649551
"Ridge",1.86242520683588
"Lasso",1.91248470405937
